rank,url,clicks,post_id
1,https://www.afriquesports.net/classement/top-10-des-milieux-de-terrain-en-2025-pedri-neves-vitinha-le-classement-choc,3004,851539
2,https://www.afriquesports.net/can-2025/hakim-ziyech-en-deuil-une-tragedie-personnelle-assombrit-son-retour,2843,871203
3,https://www.afriquesports.net/autres/usyk-vs-tyson-fury-2-suivez-le-combat-en-direct,2492,836746
4,https://www.afriquesports.net/can-2025/en-direct-can-2025-cote-divoire-vs-mozambique-groupe-f-suivez-le-match-en-direct,2385,871365
7,https://www.afriquesports.net/classement/ederson-2e-onana-le-classement-des-meilleurs-gardiens-specialistes-du-jeu-au-pied,1475,626436
9,https://www.afriquesports.net/can-2025/en-direct-can-2025-rdc-vs-benin-groupe-d-suivez-le-match-en-live,1358,871105
10,https://www.afriquesports.net/football/ballon-dor-2025-le-vainqueur-deja-connu-et-le-classement-aurait-fuite,1328,860401
11,https://www.afriquesports.net/football/classement-des-favoris-pour-le-ballon-dor-africain-2024-apres-la-can-2023,1326,793560
12,https://www.afriquesports.net/europe/apres-le-clash-avec-xabi-alonso-vinicius-jr-a-tranche-pour-son-mercato,1274,865021
13,https://www.afriquesports.net/europe/triste-nouvelle-pour-le-football-le-real-madrid-est-en-deuil,964,871161
14,https://www.afriquesports.net/classement/classement-des-meilleurs-joueurs-ivoiriens-de-tous-les-temp,942,644348
15,https://www.afriquesports.net/football/paul-pogba-quitte-monaco-et-senvole,911,863564
16,https://www.afriquesports.net/football/rdc-senegal-la-compo-probable-des-lions-avec-gueye-lamine-camara-et-jackson,886,858468
17,https://www.afriquesports.net/can-2025/en-direct-can-2025-mali-vs-zambie-groupe-a-suivez-le-match-en-live,811,870841
18,https://www.afriquesports.net/classement/le-classement-des-joueurs-de-football-les-plus-diplomes,757,678345
19,https://www.afriquesports.net/allemagne/allemagne-combien-gagne-le-bayern-munich-avec-sa-bundesliga,756,635779
20,https://www.afriquesports.net/afrique/rigobert-song-2e-koulibaly-6e-les-10-meilleurs-defenseurs-africains-de-toute-lhistoire,752,671004
22,https://www.afriquesports.net/football/liste-du-senegal-les-deux-casse-tetes-de-pape-thiaw,642,868745
23,https://www.afriquesports.net/football/senegal-le-verdict-est-tombe-pour-assane-diao,618,859105
24,https://www.afriquesports.net/europe/soudan-vs-rdc-la-decision-officielle-de-la-fifa-est-tombee,608,862171
26,https://www.afriquesports.net/football/une-footballeuse-du-real-madrid-feminin-avoue-la-verite-sur-sa-relation-avec-vinicius,568,537423
27,https://www.afriquesports.net/football/sergio-ramos-5e-roberto-carlos-7e-les-meilleurs-defenseurs-buteurs-de-lhistoire,549,403587
28,https://www.afriquesports.net/europe/cody-gakpo-4e-griezmann-2e-les-5-meilleurs-faux-9-du-football-mondial-2022-23,547,631864
31,https://www.afriquesports.net/ballon-dor/ballon-dor-2025-un-detail-fuite-avant-la-ceremonie-lamine-yamal-au-coeur-des-rumeurs,457,860506
32,https://www.afriquesports.net/classement/rigobert-song-2e-koulibaly-6e-les-10-meilleurs-defenseurs-africains-de-toute-lhistoire,454,671004
34,https://www.afriquesports.net/can-2025/direct-can-2025-maroc-comores-a-suivre-en-direct,426,870601
36,https://www.afriquesports.net/afrique/soudan-du-sud-vs-senegal-le-onze-de-depart-de-pape-thiaw-qui-promet-le-spectacle,390,862926
37,https://www.afriquesports.net/coupe-du-monde/voici-pourquoi-la-caf-a-elimine-le-burkina-faso-des-barrages-de-la-coupe-du-monde-2026,372,863656
40,https://www.afriquesports.net/afrique/hakim-ziyech-endeuille-une-drame-personnelle-assombrit-son-retour,350,871331
41,https://www.afriquesports.net/can-2025/en-direct-can-2025-algerie-vs-soudan-groupe-e-suivez-le-match-en-live,341,871335
42,https://www.afriquesports.net/afrique/classement-des-meilleurs-joueurs-ivoiriens-de-tous-les-temp,338,644348
47,https://www.afriquesports.net/can-2025/en-direct-can-2025-senegal-vs-botswana-groupe-d-suivez-le-match-en-live,302,871150
48,https://www.afriquesports.net/can-2025/en-direct-can-2025-egypte-vs-zimbabwe-groupe-b-suivez-le-match-en-live,301,870933
49,https://www.afriquesports.net/europe/diogo-jota-lheritage-laisse-a-sa-femme-va-vous-bouleverser,297,853220
50,https://www.afriquesports.net/football/france-zinedine-zidane-la-mauvaise-nouvelle,289,869886
51,https://www.afriquesports.net/football/la-sortie-inattendue-du-var-sur-le-penalty-polemique-dendrick-apres-real-madrid-espanyol,281,824781
53,https://www.afriquesports.net/afrique/la-fifa-frappe-fort-et-rend-son-verdict-pour-samuel-etoo,275,862845
54,https://www.afriquesports.net/football/quel-est-le-trophee-le-plus-cher-entre-la-can-leuro-et-la-copa-america,274,773365
56,https://www.afriquesports.net/football/vinicius-jr-prend-une-decision-surprenante-apres-son-clash-avec-xabi-alonso,271,865101
60,https://www.afriquesports.net/ballon-dor/ballon-dor-un-journaliste-de-france-football-devoile-le-vainqueur-par-erreur,252,858591
62,https://www.afriquesports.net/europe/a-quelques-jours-du-clasico-le-verdict-officiel-est-tombe-pour-lamine-yamal,246,863364
64,https://www.afriquesports.net/classement/can-2025-salaires-des-selectionneurs-emerse-fae-3e-walid-regragui-4e-pape-thiaw-loin-derriere,242,870871
69,https://www.afriquesports.net/football/mondial-2026-la-fifa-tranche-et-annonce-une-decision-ferme-pour-lafrique-du-sud-et-le-benin,237,860016
71,https://www.afriquesports.net/europe/yamal-soffre-un-double-contre-seoul-video,228,854793
75,https://www.afriquesports.net/classement/footballeurs-africains-avec-les-voitures-les-plus-cheres-du-monde,219,760253
77,https://www.afriquesports.net/europe/les-5-joueurs-qui-ont-fourni-le-plus-de-passes-decisives-pour-les-buts-de-ronaldo-au-cours-de-sa-carriere,217,331780
78,https://www.afriquesports.net/europe/neymar-12e-messi-5e-zidane-4e-les-20-joueurs-les-plus-techniques-de-lhistoire-reveles,217,404985
80,https://www.afriquesports.net/ligue-des-champions/etoo-5e-pique-3e-les-joueurs-qui-ont-gagne-plusieurs-fois-la-ligue-des-champions-avec-differentes-equipes,208,279686
82,https://www.afriquesports.net/senegal/le-monde-sportif-senegalais-lourdement-endeuille-une-star-emblematique-est-decedee,200,870840
85,https://www.afriquesports.net/afrique-sports-tv/le-bombazo-de-cristiano-ronaldo-juste-apres-avoir-rate-un-penalty-video,191,863952
86,https://www.afriquesports.net/football/ronaldo-8e-messi-3e-zidane-le-top-20-des-meilleurs-dribbleurs-du-21e-siecle,187,502752
87,https://www.afriquesports.net/europe/adrien-rabiot-4e-odegaard-2e-les-5-meilleurs-milieux-gauchers-du-football-de-cette-saison-2022-23,186,619670
88,https://www.afriquesports.net/football/psg-mais-pourquoi-mbappe-est-appele-mobutu-une-explication-tombe,186,720765
91,https://www.afriquesports.net/can-2025/senegal-botswana-le-onze-probable-des-lions-avec-jakobs-gana-gueye-et-jackson,180,870963
92,https://www.afriquesports.net/europe/choc-au-real-madrid-un-cadre-vire-apres-une-bagarre-avec-bellingham,179,863840
93,https://www.afriquesports.net/football/real-madrid-le-vestiaire-tranche-et-prend-position-entre-xabi-alonso-et-vinicius-jr,177,870844
95,https://www.afriquesports.net/europe/casemiro-4e-xabi-alonso-2e-les-5-plus-grands-milieux-defensifs-du-21e-siecle,175,472835
96,https://www.afriquesports.net/ballon-dor/ballon-dor-africain-2025-voici-les-grands-favoris-et-le-classement-provisoire,173,852635
97,https://www.afriquesports.net/ligue-des-champions/man-city-real-mbappe-egalise-avec-un-brin-de-reussite-video,172,841439
98,https://www.afriquesports.net/autres/mike-tyson-vs-jake-paul-voici-lheure-et-la-chaine-pour-suivre-le-combat-en-afrique,171,832629
99,https://www.afriquesports.net/football/real-madrid-la-reponse-cash-de-xabi-alonso-a-karim-benzema,170,869862
102,https://www.afriquesports.net/football/getafe-real-madrid-les-compos-sont-tombees-avec-une-absence-de-taille,166,864052
105,https://www.afriquesports.net/europe/toni-kroos-surprend-le-joueur-le-plus-crucial-du-barca-nest-pas-yamal-ni-raphinha,158,862611
106,https://www.afriquesports.net/europe/coup-dur-5-absents-au-real-madrid-pour-affronter-getafe,157,863972
107,https://www.afriquesports.net/europe/urgent-un-joueur-du-real-madrid-victime-dun-avc-inquietant,157,864066
108,https://www.afriquesports.net/football/real-madrid-trois-signatures-gratuites-en-vue-une-bombe-sur-le-mercato,147,862982
109,https://www.afriquesports.net/afrique/voici-le-classement-des-10-clubs-africains-les-plus-riches,145,779161
111,https://www.afriquesports.net/europe/real-madrid-le-verdict-tombe-pour-le-carton-rouge-de-huijsen,143,859489
114,https://www.afriquesports.net/football/je-quitte-lequipe-vinicius-aurait-insulte-xabi-alonso-apres-sa-sortie-contre-le-barca,141,864898
115,https://www.afriquesports.net/coupe-du-monde/le-selectionneur-de-la-mauritanie-se-lache-sur-le-senegal,138,863355
116,https://www.afriquesports.net/football/le-real-madrid-veut-se-debarasser-de-8-joueurs-au-mercato,138,869899
118,https://www.afriquesports.net/football/lamine-yamal-au-psg-la-grosse-bombe,137,862782
119,https://www.afriquesports.net/football/revelations-choquantes-a-manchester-united-scandale-interne-devoile,137,862584
120,https://www.afriquesports.net/europe/le-fc-barcelone-est-en-deuil-une-perte-lourde-pour-le-club,133,869898
121,https://www.afriquesports.net/europe/paul-pogba-quitte-monaco,131,863559
122,https://www.afriquesports.net/afrique/choc-et-tristesse-doussou-keita-annonce-un-deuil-dans-sa-famille,128,869175
123,https://www.afriquesports.net/football/coup-de-theatre-yoane-wissa-reintegre-newcastle-apres-son-forfait-pour-la-can-2025,126,870388
124,https://www.afriquesports.net/afrique/en-direct-pape-thiaw-devoile-la-liste-officielle-du-senegal-pour-la-can-2025,125,869813
125,https://www.afriquesports.net/can-2025/en-direct-can-2025-tanzanie-tunisie-live-ouganda-nigeria,125,872049
126,https://www.afriquesports.net/classement/pele-4e-gerd-muller-2e-les-4-joueurs-avec-le-plus-grand-nombre-de-buts-de-la-tete,125,668339
127,https://www.afriquesports.net/europe/haaland-3e-vinicius-5e-les-5-attaquants-les-plus-rapides-du-monde-en-ce-moment-2022,125,444935
128,https://www.afriquesports.net/can-2025/en-direct-rdc-vs-benin-groupe-d,124,871121
129,https://www.afriquesports.net/classement/cristiano-ronaldo-et-lionel-messi,124,241735
131,https://www.afriquesports.net/can-2025/en-direct-can-2025-algerie-vs-burkina-faso-groupe-e-suivez-le-match-en-live,123,871777
132,https://www.afriquesports.net/football/mauvaise-nouvelle-5-absents-au-real-madrid-pour-le-choc-contre-getafe,123,863991
133,https://www.afriquesports.net/senegal/23-jours-plus-tard-bouna-sarr-recoit-une-decision-inattendue,123,870352
134,https://www.afriquesports.net/europe/le-bayern-munich-en-deuil-un-joueur-de-18-ans-decede-subitement,122,871976
135,https://www.afriquesports.net/afrique/senegal-vs-mauritanie-la-nouvelle-que-tout-le-monde-attendait-enfin-confirmee,121,863243
136,https://www.afriquesports.net/classement/huit-8-joueurs-qui-ont-gagne-la-coupe-du-monde-sans-jouer-un-seul-match,121,652785
137,https://www.afriquesports.net/football/ballon-dor-le-nom-du-vainqueur-entre-dembele-et-yamal-aurait-fuite,121,860282
138,https://www.afriquesports.net/football/si-tout-etait-normal-marc-brys-brise-le-silence-et-balance-sur-samuel-etoo,121,863370
139,https://www.afriquesports.net/classement/gana-5e-fadiga-8e-mane-le-classement-des-meilleurs-joueurs-senegalais-de-tous-les-temps,120,645914
140,https://www.afriquesports.net/coupe-du-monde/islande-france-le-but-qui-a-refroidi-tout-un-pays,120,863378
145,https://www.afriquesports.net/classement/classement-des-10-meilleurs-trios-de-tous-les-temps,117,654056
146,https://www.afriquesports.net/football/real-madrid-la-duree-dindisponibilite-de-dean-huijsen-est-connue,117,862660
149,https://www.afriquesports.net/article-du-jour/ce-jour-ou-adebayor-a-tout-deballe-sur-sa-famille,115,220877
150,https://www.afriquesports.net/europe/xabi-alonso-4e-xavi-2e-les-5-meilleurs-milieux-de-terrain-espagnols-de-tous-les-temps,112,435174
152,https://www.afriquesports.net/football/coup-dur-pour-lionel-messi-sa-soeur-victime-dun-grave-accident-serieuses-blessures-et-mariage-reporte,111,871076
153,https://www.afriquesports.net/can-2025/senegal-vs-botswana-suivez-les-temps-forts-en-direct,110,871144
154,https://www.afriquesports.net/classement/neymar-12e-messi-5e-zidane-4e-les-20-joueurs-les-plus-techniques-de-lhistoire-reveles,110,404985
156,https://www.afriquesports.net/afrique-sports-tv/le-double-phenomenal-de-cristiano-ronaldo-video,107,871678
159,https://www.afriquesports.net/can-2025/en-direct-can-2025-burkina-faso-vs-guinee-equatoriale-groupe-e-suivez-le-match-en-live,104,871296
160,https://www.afriquesports.net/football/coup-dur-pour-le-barca-le-cauchemar-se-poursuit-pour-lamine-yamal,104,862621
161,https://www.afriquesports.net/football/le-footballeur-cheikh-toure-enleve-et-tue-au-ghana-letat-du-senegal-brise-le-silence,104,863967
162,https://www.afriquesports.net/europe/un-cadre-quitte-officiellement-le-real-madrid,103,863404
164,https://www.afriquesports.net/football/habib-beye-frappe-fort-apres-le-nul-entre-le-cameroun-et-la-cote-divoire-il-tacle-ouvertement-les-elephants,103,871859
167,https://www.afriquesports.net/article-du-jour/real-madrid-la-fortune-de-toni-kroos-apres-17-ans-de-carriere-devoilee,101,806629
168,https://www.afriquesports.net/cameroun/can-2025-a-quelques-heures-du-match-face-au-gabon-andre-onana-balance-un-message-cash-au-cameroun,101,871284
169,https://www.afriquesports.net/can-2025/habib-beye-frappe-fort-apres-le-nul-entre-le-cameroun-et-la-cote-divoire-il-tacle-ouvertement-les-elephants,101,871859
170,https://www.afriquesports.net/afrique-sports-tv/lionel-messi-repond-au-banger-de-cr7-avec-un-chef-doeuvre-video,100,863963
171,https://www.afriquesports.net/afrique/cameroun-la-guerre-eclate-entre-marc-brys-et-samuel-etoo,100,863699
173,https://www.afriquesports.net/ballon-dor/ballon-dor-2025-france-football-confirme-la-fuite-et-choque-tout-le-monde,99,860571
174,https://www.afriquesports.net/classement/voici-le-classement-des-meilleurs-buteurs-de-tous-les-temps,99,655551
175,https://www.afriquesports.net/coupe-du-monde/mondial-2026-la-caf-annonce-une-mauvaise-nouvelle-pour-le-cameroun,99,863390
178,https://www.afriquesports.net/football/rd-congo-senegal-la-fifa-tranche-et-prend-une-grosse-decision,98,862674
179,https://www.afriquesports.net/football/scandale-au-real-un-cadre-exclu-apres-une-bagarre-avec-bellingham,97,863848
182,https://www.afriquesports.net/afrique/senegal-kenya-decouvrez-la-chaine-et-lheure-du-match-amical,94,867199
183,https://www.afriquesports.net/coupe-du-monde/coupe-du-monde-2026-la-fifa-fait-une-annonce-choc-pour-les-equipes-africaines,94,863923
184,https://www.afriquesports.net/can-2025/gabon-aubameyang-au-coeur-dun-echange-tendu-sur-x-avant-lannonce-officielle,93,872349
186,https://www.afriquesports.net/article-du-jour/classement-fifa-afrique-le-maroc-domine-le-senegal-rassure-le-cameroun-chute-lourdement,92,863800
188,https://www.afriquesports.net/ligue-des-champions/le-barca-exclu-de-la-ligue-des-champions-laporta-lache-une-bombe,92,864044
190,https://www.afriquesports.net/afrique/can-2025-le-benin-accuse-la-var-et-denonce-un-arbitrage-scandaleux,90,872119
191,https://www.afriquesports.net/afrique/rdc-vs-senegal-voici-le-11-de-depart-aligne-par-pape-thiaw-avec-une-grosse-surprise,90,858561
192,https://www.afriquesports.net/afrique/senegal-la-decision-officielle-est-tombee-pour-assane-diao-et-la-selection,90,859118
193,https://www.afriquesports.net/article-du-jour/duel-de-legendes-les-chiffres-ont-tranche-entre-ronaldo-et-etoo,90,269389
194,https://www.afriquesports.net/football/apres-la-blessure-de-pedri-un-autre-terrible-coup-dur-frappe-le-barca,90,870562
195,https://www.afriquesports.net/football/real-madrid-rodrygo-et-vinicius-balancent-des-mots-sur-ancelotti-et-piquent-xabi-alonso,90,863178
196,https://www.afriquesports.net/football/video-accrochage-entre-lamine-yamal-et-arda-guler-voici-ce-qui-sest-passe,90,858337
197,https://www.afriquesports.net/europe/barca-guirassy-cest-confirme,89,862529
198,https://www.afriquesports.net/football/uruguay-3e-france-7e-bresil-les-10-des-nations-les-plus-titrees-de-lhistoire-du-foot,89,491256
199,https://www.afriquesports.net/afrique/can-2025-malgre-la-tempete-pape-thiaw-a-deja-scelle-sa-liste,88,869699
200,https://www.afriquesports.net/europe/xavi-et-iniesta-3e-de-bruyne-david-silva-2e-les-5-meilleurs-duos-de-milieux-de-terrain-de-la-derniere-decennie,88,461577
203,https://www.afriquesports.net/article-du-jour/direct-pape-thiaw-devoile-la-liste-officielle-des-joueurs-retenus-pour-la-can-2025,87,869807
204,https://www.afriquesports.net/classement/la-liste-de-tous-les-ballons-dor-africains-et-des-records-2,87,784201
205,https://www.afriquesports.net/can-2025/terrible-nouvelle-la-prevente-des-billets-pour-la-can-2025-vire-au-chaos,86,861122
206,https://www.afriquesports.net/europe/le-barca-tient-le-nouveau-messi-encore-en-argentine,86,862714
207,https://www.afriquesports.net/europe/florentino-perez-se-lache-et-tranche-pour-xabi-alonso,85,869687
208,https://www.afriquesports.net/europe/modric-8e-pirlo-5e-xavi-3e-les-10-meilleurs-milieux-de-terrain-de-tous-les-temps,85,453902
210,https://www.afriquesports.net/football/2026-commence-mal-pour-lamine-yamal-et-le-barca,84,872403
212,https://www.afriquesports.net/football/mondial-2026-la-fifa-a-pris-sa-decision-pour-la-rd-congo,84,861600
213,https://www.afriquesports.net/ballon-dor/ballon-dor-2025-le-vainqueur-deja-connu-et-le-classement-potentiellement-fuite,83,860406
214,https://www.afriquesports.net/europe/real-madrid-la-composition-contre-lespanyol-fuitee-xabi-alonso-chamboule-tout,83,860169
217,https://www.afriquesports.net/senegal/senegal-botswana-sous-la-pluie-le-geste-dedouard-mendy-fait-le-buzz-a-la-can-photo,82,871222
219,https://www.afriquesports.net/can-2025/en-direct-can-2025-nigeria-vs-tanzanie-groupe-c-suivez-le-match-en-live,81,871184
223,https://www.afriquesports.net/can-2025/coupe-dafrique-des-nations-endeuillee-par-un-drame-bouleversant,80,871036
224,https://www.afriquesports.net/football/le-meilleur-milieu-de-terrain-actuel-de-liga-est-au-real-madrid-une-grosse-surprise,80,837102
225,https://www.afriquesports.net/afrique/habib-beye-dans-la-tourmente-le-terrible-verdict-devoile,79,862930
226,https://www.afriquesports.net/afrique/senegal-vs-mauritanie-pape-thiaw-surprend-avec-3-changements-dans-le-onze,79,863412
227,https://www.afriquesports.net/europe/lamine-yamal-trompe-par-sa-petite-amie-une-star-du-real-madrid-impliquee,79,857915
229,https://www.afriquesports.net/ballon-dor/ballon-dor-2025-le-vainqueur-deja-annonce-enorme-fuite,78,860439
230,https://www.afriquesports.net/football/le-maroc-en-deuil-une-star-decede-dans-un-tragique-accident-de-voiture,78,866982
231,https://www.afriquesports.net/football/tragedie-dans-le-monde-du-foot-deces-accidentel-dune-star-celebre,78,863241
232,https://www.afriquesports.net/can-2025/direct-mali-zambie-duel-crucial-du-groupe-a-a-suivre-en-live,77,870855
233,https://www.afriquesports.net/football/apres-yamal-et-raphinha-un-autre-cadre-se-blesse-et-rate-le-clasico,77,863433
234,https://www.afriquesports.net/football/tragedie-inattendue-dans-le-monde-du-foot-une-grande-star-perd-la-vie-dans-un-tragique-accident,77,863251
235,https://www.afriquesports.net/football/video-lincroyable-frappe-de-federico-valverde-contre-seville-le-but-est-dingue,77,836827
237,https://www.afriquesports.net/football/fc-barcelone-frappe-fort-le-club-tient-son-futur-lamine-yamal,76,863279
239,https://www.afriquesports.net/football/real-madrid-rodrygo-frappe-fort-avec-une-decision-radicale,76,872421
241,https://www.afriquesports.net/classement/10-joueurs-africains-plus-genereux,75,681171
242,https://www.afriquesports.net/europe/tragedie-une-legende-de-fc-barcelone-assassinee-le-monde-du-football-sous-le-choc,75,870201
243,https://www.afriquesports.net/football/assane-diao-enfin-fixe-le-verdict-officiel-est-connu,75,862570
244,https://www.afriquesports.net/football/gianni-infantino-sexprime-sur-le-globe-soccer-awards,75,325099
245,https://www.afriquesports.net/can-2025/can-2025-verdict-tombe-pour-edouard-mendy-a-deux-jours-du-choc-contre-la-rdc,74,871440
247,https://www.afriquesports.net/football/drame-absolu-le-monde-sportif-sous-le-choc-apres-la-mort-tragique-dune-star-en-pleine-rue,73,863027
248,https://www.afriquesports.net/football/huitiemes-de-finale-de-la-can-2025-calendrier-officiel-dates-et-heures-des-matchs,73,871945
250,https://www.afriquesports.net/classement/ronaldo-4e-les-10-joueurs-avec-le-plus-grand-nombre-de-notes-de-match-de-10-10-depuis-2015,72,720140
251,https://www.afriquesports.net/football/la-fif-annonce-le-deces-de-terrible-nouvelle-le-monde-du-football-ivoirien-en-deuil,72,855655
252,https://www.afriquesports.net/senegal/le-nouveau-club-de-lamine-camara-enfin-devoile,72,872048
254,https://www.afriquesports.net/cameroun/nabil-djellit-surprend-et-balance-apres-la-victoire-du-cameroun-sur-le-gabon,71,871461
255,https://www.afriquesports.net/ligue-des-champions/liverpool-real-madrid-le-penalty-rate-de-mbappe-enflamme-la-toile-video,71,834119
258,https://www.afriquesports.net/ballon-dor/la-verite-eclate-pourquoi-didier-drogba-a-ete-ecarte-du-ballon-dor-2025,70,859457
259,https://www.afriquesports.net/europe/cest-fait-le-real-madrid-degaine-la-recrue-tant-attendue-pour-xabi-alonso,70,863537
261,https://www.afriquesports.net/europe/le-real-madrid-a-deja-choisi-le-successeur-de-thibaut-courtois,69,863222
263,https://www.afriquesports.net/autres/messi-24e-pele-43e-bolt-4e-les-50-plus-grands-sportifs-de-tous-les-temps-gms,68,410008
264,https://www.afriquesports.net/classement/ronaldo-8e-messi-3e-zidane-le-top-20-des-meilleurs-dribbleurs-du-21e-siecle,68,502752
265,https://www.afriquesports.net/coupe-du-monde/senegal-vs-soudan-la-fifa-tranche-et-surprend-tout-le-monde,68,856100
267,https://www.afriquesports.net/football/senegal-botswana-sous-la-pluie-le-geste-dedouard-mendy-fait-le-buzz-a-la-can-photo,68,871222
268,https://www.afriquesports.net/afrique/satou-toure-la-mere-de-sadio-mane-explique-la-raison-pour-laquelle-il-a-rejoint-al-nassr,67,696360
269,https://www.afriquesports.net/ballon-dor/ballon-dor-2025-le-classement-final-prend-forme-grosse-surprise-en-tete,67,853155
271,https://www.afriquesports.net/algerie/mbappe-et-la-can-2025-sa-decision-entre-algerie-et-cameroun-cree-la-polemique,66,871870
274,https://www.afriquesports.net/football/ancelotti-sort-du-silence-et-dit-ses-verites-sur-le-senegal,66,863746
275,https://www.afriquesports.net/cameroun/alexandre-song-choque-avec-ses-declarations-sur-cameroun-gabon,65,870817
278,https://www.afriquesports.net/football/tres-mauvaise-nouvelle-pour-le-barca-et-pedri-juste-avant-2026,65,870211
279,https://www.afriquesports.net/classement/modric-8e-pirlo-5e-xavi-3e-les-10-meilleurs-milieux-de-terrain-de-tous-les-temps,64,453902
280,https://www.afriquesports.net/football/fifa-the-best-2023-lionel-messi-lemporte-devant-haaland-au-forceps,64,787063
282,https://www.afriquesports.net/football/can-2025-le-coup-de-gueule-de-vladimir-petkovic-sur-la-presence-de-zinedine-zidane,63,871920
283,https://www.afriquesports.net/football/van-dijk-31e-pique-44e-ramosles-50-meilleurs-defenseurs-de-lhistoire-ranker,63,440154
285,https://www.afriquesports.net/can-2025/en-direct-can-2025-senegal-vs-rdc-groupe-d,62,871671
286,https://www.afriquesports.net/can-2025/emmanuel-macron-balance-cash-sur-la-can-au-maroc,61,870639
287,https://www.afriquesports.net/can-2025/en-direct-can-2025-cameroun-vs-gabon-groupe-f-suivez-le-match-en-direct,61,871392
288,https://www.afriquesports.net/football/accuse-dadultere-vinicius-jr-brise-le-silence-publiquement,61,862778
290,https://www.afriquesports.net/algerie/ca-chauffe-avant-le-match-algerie-rd-congo-fait-trembler-la-can-2025,60,872354
291,https://www.afriquesports.net/football/barca-pedri-inquiete-avant-les-prochains-matchs-de-lespagne,60,863111
292,https://www.afriquesports.net/football/barca-retour-de-messi-pedri-tranche-et-fait-son-choix,60,871264
294,https://www.afriquesports.net/europe/coup-de-tonnerre-a-madrid-ultimatum-lance-a-vinicius,59,854327
295,https://www.afriquesports.net/europe/tragedie-en-indonesie-deces-dun-ancien-footballeur-espagnol-dans-un-naufrage,59,871865
297,https://www.afriquesports.net/afrique/can-2025-alexandre-song-balance-ses-verites-et-choque-avant-cameroun-gabon,58,871084
298,https://www.afriquesports.net/afrique/can-2025-senegal-cest-confirme,58,868604
300,https://www.afriquesports.net/classement/classement-fifa-le-top-20-africain-devoile-lalgerie-4e-la-cote-divoire-7e,58,867451
303,https://www.afriquesports.net/europe/barca-real-enorme-surprise-dans-le-onze-de-xabi-alonso,58,863880
306,https://www.afriquesports.net/football/ngannou-ferreira-cinq-choses-a-savoir-sur-le-combat,58,828863
309,https://www.afriquesports.net/algerie/can-2025-le-coup-de-gueule-de-vladimir-petkovic-sur-la-presence-de-zinedine-zidane,57,871920
310,https://www.afriquesports.net/classement/tchouameni-vinicius-jr-mbappe-voici-la-liste-des-grandes-stars-de-football-dorigine-camerounaise,57,834742
312,https://www.afriquesports.net/football/le-football-francais-en-deuil-deces-tragique-dune-star-emblematique,57,863663
314,https://www.afriquesports.net/afrique/can-2025-cette-victoire-nabil-djellit-sans-filtre-sur-le-cameroun-apres-le-succes-contre-le-gabon,55,871473
316,https://www.afriquesports.net/article-du-jour/huitiemes-de-finale-de-la-can-2025-calendrier-officiel-dates-et-heures-des-matchs,55,871945
318,https://www.afriquesports.net/football/camavinga-renvoie-moussa-sissoko-lagent-dousmane-dembele-les-raisons-incroyables-revelees,55,669563
319,https://www.afriquesports.net/football/real-madrid-3-joueurs-touches-par-le-virus-fifa,55,863275
321,https://www.afriquesports.net/afrique/rennes-le-sort-dhabib-beye-bientot-scelle-son-remplacant-connu,54,862869
322,https://www.afriquesports.net/europe/triste-nouvelle-une-legende-du-barca-raccroche-les-crampons,54,862579
323,https://www.afriquesports.net/football/caf-une-grande-nation-officiellement-exclue-des-barrages-pour-la-coupe-du-monde,54,863577
325,https://www.afriquesports.net/ballon-dor/ballon-dor-2025-voici-les-5-clubs-en-lice-pour-le-titre-de-club-de-lannee,53,855455
327,https://www.afriquesports.net/classement/sadio-mane-ronaldo-mbappe-le-top-10-des-footballeurs-les-mieux-payes-au-monde,53,863762
328,https://www.afriquesports.net/europe/cancelo-souvre-sur-le-deces-tragique-de-sa-mere-dans-une-interview-emouvante,53,463668
330,https://www.afriquesports.net/football/carriere-reussie-les-statistiques-ont-tranche-entre-benzema-et-le-zeus-zlatan-ibrahimovic,53,659731
331,https://www.afriquesports.net/football/drame-en-equateur-ex-international-tue-avec-sa-femme-devant-une-boucherie,53,870248
332,https://www.afriquesports.net/football/messi-surprend-tout-le-monde-avec-sa-selection-des-10-jeunes-talents-yamal-exclu,53,863719
333,https://www.afriquesports.net/football/video-le-premier-but-incroyable-dethan-mbappe-en-professionnel-avec-lille,53,859296
335,https://www.afriquesports.net/afrique/coupe-du-monde-2026-la-raison-derriere-lexclusion-du-burkina-faso-des-barrages-revelee,52,863670
336,https://www.afriquesports.net/coupe-du-monde/coupe-du-monde-2026-le-guide-complet-des-barrages,52,858734
339,https://www.afriquesports.net/football/kubo-27e-ansu-fati-8e-le-classement-des-50-meilleurs-joueurs-nes-en-2001-ou-apres,52,253931
340,https://www.afriquesports.net/actualites/tres-mauvaise-nouvelle-pour-le-barca-et-pedri-juste-avant-2026,51,870211
341,https://www.afriquesports.net/afrique/can-2025-le-verdict-tombe-la-caf-a-officiellement-tranche-pour-la-guinee,51,861023
342,https://www.afriquesports.net/classement/zidane-3e-modric-9e-le-classement-des-10-meilleurs-milieux-de-terrain-au-21e-siecle,51,502916
345,https://www.afriquesports.net/football/ce-sont-les-4-joueurs-les-plus-techniques-du-real-courtois-ecarte-benzema-et-vinicius,51,459803
346,https://www.afriquesports.net/football/coupe-du-monde-2026-la-fifa-frappe-fort-avec-une-annonce-inattendue-pour-les-equipes-africaines,51,863941
347,https://www.afriquesports.net/football/real-madrid-barca-larbitre-du-clasico-designe-et-fait-polemique,51,864738
348,https://www.afriquesports.net/football/soudan-rdc-la-fifa-rend-sa-decision-officielle,51,862200
349,https://www.afriquesports.net/football/terrible-nouvelle-adebayor-annonce-un-deces-le-togo-en-deuil,51,858423
351,https://www.afriquesports.net/afrique/terrible-nouvelle-la-caf-annonce-le-deces-de-le-monde-du-football-en-deuil,50,856283
352,https://www.afriquesports.net/ballon-dor/urgent-le-nom-du-vainqueur-du-ballon-dor-aurait-fuite,50,860302
353,https://www.afriquesports.net/can-2025/en-direct-can-2025-burkina-faso-guinee-equatoriale-groupe-e,50,871293
355,https://www.afriquesports.net/europe/un-jeune-joueur-de-19ans-decede-dans-un-accident-de-la-route,50,866028
356,https://www.afriquesports.net/football/bale-9e-salah-6e-drogba-5e-les-10-meilleurs-numeros-11-de-tous-les-temps-en-football,50,574749
357,https://www.afriquesports.net/football/mondial-2026-rd-congo-senegal-la-fifa-prend-sa-decision-et-frappe-fort,50,862668
359,https://www.afriquesports.net/football/sebastien-desabre-craque-et-balance-tout-sur-le-cameroun,50,863570
360,https://www.afriquesports.net/afrique/cameroun-coup-de-tonnerre-le-remplacant-de-marc-brys-est-enfin-trouve,49,868269
362,https://www.afriquesports.net/afrique/scandale-total-plusieurs-lions-indomptables-prets-a-boycotter-la-can-2025,49,869530
364,https://www.afriquesports.net/football/cest-officiel-la-caf-rend-son-verdict-pour-les-barrages-africains-de-la-coupe-du-monde-2026,49,863203
365,https://www.afriquesports.net/football/choc-en-france-un-joueur-decede-dune-crise-cardiaque-dans-le-vestiaire,49,861623
369,https://www.afriquesports.net/can-2025/en-direct-can-2025-afrique-du-sud-vs-angola-groupe-b-suivez-le-match-en-live,48,870888
370,https://www.afriquesports.net/europe/man-city-phil-foden-clot-le-debat-entre-messi-et-ronaldo-cest-lui-le-meilleur,48,539736
371,https://www.afriquesports.net/football/exclusion-disrael-les-stars-ont-tranche,48,861560
372,https://www.afriquesports.net/football/liverpool-real-madrid-le-penalty-rate-de-mbappe-enflamme-la-toile-video,48,834119
373,https://www.afriquesports.net/football/un-jeune-talent-senegalais-en-route-vers-manchester-united,48,862565
375,https://www.afriquesports.net/afrique/marc-brys-dans-la-tourmente-un-grand-nom-du-football-senegalais-balance,47,863806
377,https://www.afriquesports.net/europe/neymar-devoile-le-nom-du-joueur-le-plus-moche-et-il-vient-du-real-madrid,47,854246
378,https://www.afriquesports.net/europe/tragique-nouvelle-un-espoir-espagnol-du-football-decede-a-15-ans,47,864923
380,https://www.afriquesports.net/football/lamine-yamal-dans-la-tourmente-le-barca-confronte-a-un-coup-dur,47,863104
381,https://www.afriquesports.net/football/lannonce-choc-sur-lavenir-de-jurgen-klopp,47,869718
382,https://www.afriquesports.net/football/real-madrid-jude-bellingham-passe-a-la-vitesse-superieur-avec-une-demande-inattendue,47,871486
383,https://www.afriquesports.net/football/video-mbappe-tient-ses-parties-intimes-dans-le-vestiaire-apres-psg-auxerre-la-toile-senflamme,47,544817
384,https://www.afriquesports.net/afrique-sports-tv/cristiano-ronaldo-inscrit-son-953e-but-video,46,866230
386,https://www.afriquesports.net/afrique/incroyable-cristiano-ronaldo-a-des-origines-africaines,46,388716
388,https://www.afriquesports.net/can-2025/caf-une-annonce-inattendue-secoue-la-preparation-de-la-can-2025,46,863359
389,https://www.afriquesports.net/can-2025/can-2025-le-grand-favori-cest-claude-le-roy-zappe-le-senegal-et-choisit-son-favori,46,871683
390,https://www.afriquesports.net/can-2025/la-caf-fait-une-annonce-inattendue-un-pays-quitte,46,870580
392,https://www.afriquesports.net/football/fc-barcelone-lewandowski-met-fin-aux-speculations-sa-decision-est-connue,46,863221
393,https://www.afriquesports.net/football/gabon-deces-tragique-daaron-boupendza-apres-une-chute-du-11e-etage,46,845500
394,https://www.afriquesports.net/football/ghana-les-images-terrifiantes-de-violence-apres-la-defaite-historique-des-black-stars-a-domicile,46,822361
395,https://www.afriquesports.net/football/neymar-se-lache-sur-le-senegal-une-phrase-qui-enflamme-les-reseaux-sociaux,46,863807
397,https://www.afriquesports.net/afrique/tragedie-dans-le-football-un-joueur-decede-apres-avoir-avale-une-piece-de-monnaie-lors-dun-match,45,870932
398,https://www.afriquesports.net/can-2025/can-2025-voici-les-adversaires-que-le-senegal-devra-battre-pour-atteindre-la-finale,45,872238
400,https://www.afriquesports.net/football/le-bayern-munich-en-deuil-un-joueur-de-18-ans-decede-subitement,45,871976
404,https://www.afriquesports.net/football/coup-de-tonnerre-au-real-madrid-un-cadre-sen-va,44,863403
406,https://www.afriquesports.net/afrique/sadio-mane-et-9-autres-stars-africaines-qui-ont-joue-avec-cristiano-ronaldo,43,671802
409,https://www.afriquesports.net/article-du-jour/cristiano-ronaldo-inconsolable-apres-la-mort-de-cette-legende-portugaise,43,841709
410,https://www.afriquesports.net/autres/quelle-est-la-fortune-de-francis-ngannou,43,721042
411,https://www.afriquesports.net/can-2025/can-2025-walid-regragui-balance-tout-apres-la-victoire-du-maroc,43,870749
412,https://www.afriquesports.net/europe/real-madrid-majorque-fuite-de-la-composition-trois-stars-ecartees-par-xabi-alonso,43,857395
413,https://www.afriquesports.net/football/can-2025-la-rdc-touchee-par-un-coup-dur-avant-daffronter-le-botswana,43,872035
415,https://www.afriquesports.net/football/messi-2e-zidane-4e-les-10-joueurs-avec-le-plus-de-points-ballon-dor-dans-lhistoire-ont-ete-reveles,43,301810
416,https://www.afriquesports.net/football/zidane-choisit-lalgerie-choc-ou-surprise-du,43,858003
417,https://www.afriquesports.net/vie-apres-carriere/que-devient-lancien-crack-ibrahima-afellay-lespoir-dechu-du-fc-barcelone,43,516860
419,https://www.afriquesports.net/afrique/cote-divoire-nicolas-pepe-ecarte-une-menace-de-mort-surgit,42,869779
422,https://www.afriquesports.net/ballon-dor/ballon-dor-dembele-sembrouille-une-scene-qui-echappe-aux-cameras,42,860750
423,https://www.afriquesports.net/ballon-dor/ballon-dor-le-verdict-tombe-resultat-surprise-pour-dembele-et-mbappe,42,860471
424,https://www.afriquesports.net/can-2025/can-2025-claude-le-roy-tacle-severement-le-maroc,42,871634
425,https://www.afriquesports.net/can-2025/video-virale-habib-diarra-tourne-un-dessin-anime-pour-la-can,42,871445
428,https://www.afriquesports.net/football/dadjame-au-barca-passant-par-milan-portrait-de-franck-kessie-le-mieux-paye-des-joueurs-ivoiriens-dans-lhistoire,42,674242
429,https://www.afriquesports.net/vie-apres-carriere/ce-jour-ou-adebayor-a-tout-deballe-sur-sa-famille,42,220877
431,https://www.afriquesports.net/afrique/coupe-du-monde-la-caf-secoue-le-continent-avec-une-annonce-choc,41,863143
435,https://www.afriquesports.net/ballon-dor/urgence-une-fuite-interne-designe-le-laureat-du-ballon-dor-2025,41,860570
436,https://www.afriquesports.net/can-2025/can-2025-la-decision-choc-de-samuel-etoo-envers-les-lions-indomptables-fait-debat,41,870549
437,https://www.afriquesports.net/can-2025/en-direct-benin-senegal-botswana-rd-congo,41,872072
439,https://www.afriquesports.net/europe/la-femme-de-diogo-jota-identifie-le-corps-des-images-insoutenables-a-la-morgue-video,41,852455
441,https://www.afriquesports.net/europe/rodrygo-la-decision-qui-change-tout-au-real-madrid,41,857468
442,https://www.afriquesports.net/football/cest-fait-le-real-madrid-se-projette-enfin-sur-la-pepite-tant-attendue-par-xabi-alonso,41,863555
444,https://www.afriquesports.net/football/hansi-flick-tranche-et-prend-une-decision-radicale-avec-le-fc-barcelone,41,863859
448,https://www.afriquesports.net/afrique/can-2025-changement-inattendu-sur-la-publication-de-la-liste-des-lions,40,868945
449,https://www.afriquesports.net/afrique/can-2025-la-caf-a-tranche-la-guinee-est-officiellement,40,861017
450,https://www.afriquesports.net/ballon-dor/ballon-dor-a-quelques-heures-de-la-ceremonie-un-scandale-est-revele,40,860438
451,https://www.afriquesports.net/europe/coup-de-tonnerre-un-cadre-a-decide-de-quitter-le-real-madrid,40,864088
454,https://www.afriquesports.net/football/drame-dans-le-football-togolais-un-international-face-a-un-handicap-a-vie,40,862879
455,https://www.afriquesports.net/football/la-sortie-musclee-de-neymar-sur-le-football-africain-enflamme-les-reseaux,40,863821
460,https://www.afriquesports.net/can-2025/le-grand-favori-cest-claude-le-roy-ecarte-le-senegal-a-la-can-2025,39,871582
461,https://www.afriquesports.net/can-2025/sebastien-desabre-coach-rd-congo-reagit-sans-detour-apres-laffrontement-avec-le-senegal,39,871723
462,https://www.afriquesports.net/classement/uruguay-3e-france-7e-bresil-les-10-des-nations-les-plus-titrees-de-lhistoire-du-foot,39,491256
463,https://www.afriquesports.net/europe/benzema-detruit-xabi-alonso-il-ne-peut-rien-faire,39,869849
464,https://www.afriquesports.net/europe/le-real-madrid-tient-son-nouveau-cole-palmer,39,854929
465,https://www.afriquesports.net/europe/necrologie-le-foot-francais-en-deuil-une-star-emblematique-est-decedee,39,864023
466,https://www.afriquesports.net/europe/terrible-nouvelle-le-barca-perd-un-nouveau-cadre-sur-blessure,39,863296
469,https://www.afriquesports.net/football/le-real-madrid-a-deja-choisi-le-remplacant-de-vinicius-jr,39,862556
470,https://www.afriquesports.net/football/problemes-avec-gavi-fermin-lopez-regle-ses-coomptes-depuis-que-jai-12-ans,39,857747
471,https://www.afriquesports.net/football/qualifs-mondial-2026-aliou-cisse-se-lache-avant-le-choc-libye-cap-vert,39,862673
473,https://www.afriquesports.net/afrique/officiel-la-caf-tranche-et-devoile-les-affiches-officielles-des-barrages,38,863213
480,https://www.afriquesports.net/article-du-jour/classement-fifa-afrique-le-maroc-grimpe-lalgerie-chute-la-cote-divoire-en-forme,38,859749
481,https://www.afriquesports.net/can-2025/can-2025-nabil-djellit-balance-ses-verites-apres-le-choc-cameroun-cote-divoire,38,872002
482,https://www.afriquesports.net/can-2025/can-2025-walid-regragui-se-lache-apres-le-match-face-aux-comores,38,870717
483,https://www.afriquesports.net/can-2025/kolo-toure-surprend-et-fait-des-revelations-choc-sur-le-match-cote-divoire-mozambique,38,870764
484,https://www.afriquesports.net/can-2025/nasri-snobe-le-maroc-et-devoile-le-pays-qui-va-remporter-la-can,38,869802
486,https://www.afriquesports.net/europe/barca-le-verdict-officiel-est-tombe-pour-lamine-yamal,38,862481
489,https://www.afriquesports.net/football/les-10-footballeurs-de-haut-niveau-qui-ont-grandi-dans-la-pauvrete,38,271683
491,https://www.afriquesports.net/afrique/tu-parles-comme-ca-je-te-boxe-samuel-etoo-pete-un-cable-sen-prend-violemment-a-un-supporter,37,863445
492,https://www.afriquesports.net/article-du-jour/la-caf-fait-une-annonce-inattendue-pour-les-equipes-africaines-concernant-la-coupe-du-monde-2026,37,863133
496,https://www.afriquesports.net/europe/france-en-deuil-un-joueur-meurt-subitement-apres-une-crise-cardiaque-dans-le-vestiaire,37,861599
497,https://www.afriquesports.net/football/bayern-inquietante-nouvelle-transformation-physique-de-goretzka-les-fans-sous-le-choc-photo,37,814405
498,https://www.afriquesports.net/football/choc-dans-le-football-francais-deces-brutal-dun-entraineur-emblematique,37,867732
